Company Name,Job Openings,Median Salary,Agriculture Forestry Fishing and Hunting jobs,Mining Quarrying and Oil and Gas Extraction jobs,Utilities jobs,Construction jobs,Manufacturing jobs,Wholesale Trade jobs,Retail Trade jobs,Transportation and Warehousing jobs,Information jobs,Finance and Insurance jobs,Real Estate and Rental and Leasing jobs,Professional Scientific and Technical Services jobs,Management of Companies and Enterprises jobs,Administration & Support Waste Management and Remediation jobs,Educational Services jobs,Health Care and Social Assistance jobs,Arts Entertainment and Recreation jobs,Accommodation and Food Services jobs,Public Administration jobs,Other Services (excluding Public Administration) jobs,fast food jobs
#twiceasnice recruiting,5,60000.0,0,0,0,0,0,1,0,0,0,3,0,0,1,0,0,0,0,0,0,0,0
20 20 plumbing & heating inc.,5,33392.0,0,0,4,1,0,0,0,0,0,0,0,0,0,0,0,0,0,0,0,0,0
24 hour fitness,7,32200.0,0,0,0,0,0,2,3,0,0,0,0,0,0,0,0,0,0,0,0,0,0
3 d construction,4,33392.0,0,0,0,4,0,0,0,0,0,0,0,0,0,0,0,0,0,0,0,0,0
3q digital,7,48750.0,0,0,0,0,0,0,0,0,1,3,0,0,1,0,0,0,0,0,1,0,0
4liberty,7,49500.0,0,0,3,0,0,0,0,0,3,0,0,0,0,0,0,0,0,0,1,0,0
"7 eleven, inc.",5,52500.0,0,0,0,0,0,0,2,0,0,0,0,0,0,0,0,0,0,0,0,0,0
85c bakery cafe,4,31305.0,0,0,0,0,0,0,1,0,0,0,0,0,0,0,0,0,0,3,0,0,0
a.m. ortega construction,5,,0,0,0,5,0,0,0,0,0,0,0,0,0,0,0,0,0,0,0,0,0
abm industries,8,29900.0,0,0,0,0,0,0,3,0,0,0,0,0,0,0,0,0,0,0,0,0,0
"accentcare, inc.®",7,28100.0,0,0,0,4,0,0,0,0,0,0,0,0,0,0,0,1,0,0,0,0,0
accenture,14,108500.0,0,0,2,1,0,0,2,0,4,2,0,1,1,0,0,0,0,0,0,0,0
ace cash express,3,31305.0,0,0,0,0,0,1,2,0,0,0,0,0,0,0,0,0,0,0,0,0,0
ace parking management   sara,4,31305.0,0,0,0,0,0,0,0,0,0,0,0,0,4,0,0,0,0,0,0,0,0
"ace parking management, inc.",9,46007.0,0,2,0,0,0,0,0,0,1,0,0,1,3,1,0,0,0,1,0,0,0
aces (autism comprehensive educational services),3,48001.0,0,0,0,0,0,0,0,0,0,0,0,2,1,0,0,0,0,0,0,0,0
actalent,19,56349.0,1,0,0,0,0,0,3,0,0,0,0,7,1,0,0,2,0,0,1,0,0
"action air conditioning, heating & solar",4,39653.0,0,0,4,0,0,0,0,0,0,0,0,0,0,0,0,0,0,0,0,0,0
actionlink,5,37566.0,0,0,0,1,0,4,0,0,0,0,0,0,0,0,0,0,0,0,0,0,0
acuity eye group,5,28300.0,0,0,0,0,0,0,1,0,0,0,0,1,3,0,0,0,0,0,0,0,0
acushnet company,4,58587.5,0,0,0,0,1,0,1,0,1,0,0,0,0,0,0,0,0,0,0,0,0
adamo security group,3,65000.0,0,0,0,1,0,0,0,0,0,0,0,0,2,0,0,0,0,0,0,0,0
aerotek,49,39653.0,0,0,0,8,19,0,1,5,1,0,0,4,2,0,0,1,0,0,1,1,0
ajinomoto bio pharma services,3,,0,0,0,0,0,0,2,0,0,0,0,1,0,0,0,0,0,0,0,0,0
ajm packaging,3,37566.0,0,0,1,0,2,0,0,0,0,0,0,0,0,0,0,0,0,0,0,0,0
akcea therapeutics,4,96800.0,0,0,0,0,0,1,2,0,0,0,0,0,1,0,0,0,0,0,0,0,0
alexander's mobility services,3,34900.0,0,0,0,0,0,0,3,0,0,0,0,0,0,0,0,0,0,0,0,0,0
alila marea,5,50700.0,0,0,0,1,0,0,0,0,0,0,0,1,3,0,0,0,0,0,0,0,0
allied universal,28,41740.0,0,0,0,0,0,3,2,0,0,5,1,0,6,0,0,0,0,0,1,10,0
allstate insurance,6,60000.0,0,0,0,0,0,4,2,0,0,0,0,0,0,0,0,0,0,0,0,0,0
alutiiq,4,39500.0,0,0,0,0,0,0,0,0,0,0,0,4,0,0,0,0,0,0,0,0,0
am ortega,4,,0,0,0,2,1,0,0,0,0,0,0,0,0,0,0,0,0,0,0,0,0
amaya springs health care center,3,61100.0,0,0,0,0,0,0,1,0,0,0,0,0,1,0,0,0,0,0,0,1,0
amazon dsp,4,34435.5,0,0,0,0,0,0,0,1,0,0,0,0,0,0,0,0,0,0,0,0,0
amazon dsp driver,11,35479.0,0,0,0,0,0,0,0,11,0,0,0,0,0,0,0,0,0,0,0,0,0
amazon workforce staffing,23,33392.0,0,0,0,0,0,0,0,15,0,0,0,0,0,0,0,0,0,0,0,0,0
amazon.com services llc,24,,0,0,0,0,0,3,21,0,0,0,0,0,0,0,0,0,0,0,0,0,0
americare health & retirement inc,4,26500.0,0,0,0,0,0,0,0,0,0,0,0,0,0,0,0,0,0,0,0,0,0
andaz san diego,3,,0,0,0,0,0,0,0,0,0,0,0,0,0,0,0,0,0,2,0,0,0
anderson,3,65000.0,0,0,0,0,0,2,0,0,0,1,0,0,0,0,0,0,0,0,0,0,0
anthem,3,68600.0,0,0,0,0,0,0,1,0,0,0,0,0,2,0,0,0,0,0,0,0,0
appfolio,3,109000.0,0,0,0,0,0,2,0,0,0,0,0,0,0,0,0,0,0,0,0,0,0
apple,12,,0,0,0,1,1,1,0,0,2,0,0,2,2,0,0,0,0,0,0,0,0
appleone,14,52175.0,0,0,0,2,0,0,1,0,0,6,0,0,2,0,0,0,0,0,1,0,0
apr consulting inc,7,37566.0,0,0,0,0,0,0,0,0,0,1,0,1,1,0,0,0,0,0,0,1,0
arc of san diego,7,35479.0,0,0,0,0,0,0,0,0,0,0,4,0,0,0,0,0,0,0,0,1,0
arcc center foundation,3,31305.0,0,0,0,0,0,0,0,0,0,0,0,0,0,0,0,0,0,0,0,0,0
arena staffing,4,39653.0,0,0,0,3,0,0,0,0,0,0,0,0,0,0,0,0,0,0,0,0,0
arrow electronics,3,96800.0,0,0,0,0,1,1,0,0,0,0,0,0,1,0,0,0,0,0,0,0,0
ars rescue rooter,3,34696.0,0,0,1,0,0,1,0,0,0,0,0,0,0,0,0,0,0,0,0,1,0
artiva biotherapeutics,4,69400.0,0,0,0,0,0,0,0,0,0,0,0,2,2,0,0,0,0,0,0,0,0
ashley furniture,4,53152.5,0,0,0,0,0,1,3,0,0,0,0,0,0,0,0,0,0,0,0,0,0
asml,9,59300.0,0,0,0,0,0,0,0,0,0,1,0,3,1,0,0,0,0,0,0,0,0
aspen medical,3,170420.0,0,0,0,0,0,0,0,0,0,0,0,0,0,0,0,3,0,0,0,0,0
aspired marketing,3,42500.0,0,0,0,0,0,0,1,0,0,2,0,0,0,0,0,0,0,0,0,0,0
aston carter,37,41740.0,0,0,0,1,0,1,11,0,3,4,0,0,5,0,0,1,0,0,2,1,0
at your home familycare,16,31305.0,0,0,0,16,0,0,0,0,0,0,0,0,0,0,0,0,0,0,0,0,0
at&t,9,55965.0,0,0,0,0,0,6,2,0,0,0,0,1,0,0,0,0,0,0,0,0,0
atria wealth solutions,3,74500.0,0,0,0,0,0,0,1,0,1,0,0,0,1,0,0,0,0,0,0,0,0
atwork socal,4,35479.0,0,0,1,0,0,0,0,1,0,1,0,0,0,0,0,0,0,0,0,0,0
auto body excellence,6,42300.0,0,0,0,1,0,0,1,0,0,1,0,0,0,0,0,0,0,0,0,1,0
autozone,6,,0,0,0,0,0,2,1,2,0,0,0,0,1,0,0,0,0,0,0,0,0
avalonbay communities,3,,0,0,0,0,0,0,2,0,0,0,0,0,0,0,0,0,0,0,0,0,0
aviva biosciences,6,,0,0,0,0,2,0,3,0,0,0,0,1,0,0,0,0,0,0,0,0,0
axos bank,18,51700.0,0,0,0,0,0,1,2,0,5,10,0,0,0,0,0,0,0,0,0,0,0
aya corporate,5,58436.0,0,0,0,0,0,0,2,0,0,1,0,0,2,0,0,0,0,0,0,0,0
aya healthcare,5,124000.0,0,0,0,0,0,0,0,0,1,0,0,1,1,0,0,2,0,0,0,0,0
b. braun medical inc.,3,,0,0,0,0,1,0,0,0,0,0,0,0,1,0,0,1,0,0,0,0,0
bach to rock rancho penasquitos,3,,0,0,0,0,0,0,0,0,0,0,0,0,0,0,3,0,0,0,0,0,0
bae systems,5,,0,0,0,2,0,0,0,0,3,0,0,0,0,0,0,0,0,0,0,0,0
bahia resort hotel,4,33392.0,0,0,0,0,0,0,2,0,0,0,0,0,0,0,0,0,0,2,0,0,0
balboa healthcare inc,6,41000.0,0,0,0,0,0,0,0,0,0,1,0,0,0,1,0,2,0,0,2,0,0
banfield pet hospital,4,47900.0,0,0,0,0,0,0,0,0,0,0,0,4,0,0,0,0,0,0,0,0,0
bank of america,5,,0,0,0,0,0,0,2,0,0,3,0,0,0,0,0,0,0,0,0,0,0
barona resort & casino,6,31746.0,0,0,1,0,0,0,0,0,0,0,0,0,1,0,0,0,0,0,0,1,0
basf corporation,4,89900.0,0,0,0,0,0,1,0,0,0,0,0,3,0,0,0,0,0,0,0,0,0
bath & body works,6,31200.0,0,0,0,6,0,0,0,0,0,0,0,0,0,0,0,0,0,0,0,0,0
bay club hotel and marina,3,31305.0,0,0,0,0,0,0,0,0,0,0,0,0,0,0,0,0,0,3,0,0,0
bd,39,,0,0,0,2,2,6,7,1,2,3,0,2,9,0,0,0,0,0,2,0,0
behavior frontiers,3,37566.0,0,0,0,0,0,0,0,0,0,0,0,3,0,0,0,0,0,0,0,0,0
belmont village senior living,3,33392.0,0,0,0,0,0,1,0,0,0,0,0,0,0,0,0,0,0,2,0,0,0
bergelectric,3,40200.0,0,0,1,0,0,0,0,0,0,0,0,0,1,0,0,0,0,0,0,0,0
best buy,4,45914.0,0,0,0,0,0,0,2,0,0,0,0,0,1,0,0,0,0,0,0,0,0
bill howe plumbing,3,,0,0,3,0,0,0,0,0,0,0,0,0,0,0,0,0,0,0,0,0,0
biocept inc,4,62610.0,0,0,0,0,0,0,1,0,0,0,0,2,0,0,0,0,0,0,0,0,0
biolife plasma services,3,52175.0,0,0,0,0,0,1,2,0,0,0,0,0,0,0,0,0,0,0,0,0,0
bionano genomics,5,68900.0,0,0,0,0,0,1,2,0,0,0,0,0,0,0,0,0,0,0,1,0,0
blacktop restaurant group llc,3,52739.5,0,0,0,0,0,0,0,0,0,0,0,0,1,0,0,0,0,2,0,0,0
blanco tacos + tequila,4,,0,0,0,0,0,0,0,0,0,0,0,0,0,0,0,0,0,3,0,0,0
boarhog llc,4,92800.0,0,0,0,0,0,0,0,0,0,1,0,0,0,0,0,0,0,0,0,2,0
bonsall unified school district,3,31305.0,0,0,0,0,0,0,0,0,0,0,0,0,0,0,3,0,0,0,0,0,0
booz allen hamilton,6,76900.0,0,1,0,0,0,0,1,0,1,2,0,0,1,0,0,0,0,0,0,0,0
boutique recruiting,4,57500.0,0,0,0,0,0,0,1,0,0,0,0,0,2,0,0,0,0,0,0,0,0
bridge home health and hospice,6,90200.0,0,0,0,5,0,0,0,0,0,0,0,0,0,0,0,1,0,0,0,0,0
brighton place,5,31450.0,0,0,0,0,0,0,0,0,0,0,0,0,1,0,0,1,0,0,0,0,0
brightview landscape development,4,59100.0,0,0,0,2,0,0,0,0,0,0,0,0,0,0,0,0,0,0,0,0,0
bristol myers squibb,4,115500.0,0,0,0,0,1,1,0,0,0,0,0,1,1,0,0,0,0,0,0,0,0
brookdale senior living,3,,0,0,0,0,0,0,0,0,0,0,0,0,0,0,0,0,0,1,1,0,0
brookfield properties,5,64000.0,0,0,0,0,0,0,2,0,0,0,1,1,0,0,0,0,0,0,0,1,0
bruegger's bagels | js foods,4,24300.0,0,0,0,0,0,0,0,0,0,0,0,0,1,0,0,0,0,0,0,0,0
buffin & company,3,47700.0,0,0,0,0,0,0,0,0,1,1,0,0,0,0,0,0,0,0,0,0,0
buffini & company,6,40000.0,0,0,0,0,0,1,0,0,0,2,0,0,1,0,0,0,0,0,0,0,0
buick gmc sdnc llc,4,31305.0,0,0,0,0,0,1,1,0,0,0,0,1,0,0,0,0,0,0,0,0,0
burlington stores,5,28400.0,0,0,0,0,0,1,4,0,0,0,0,0,0,0,0,0,0,0,0,0,0
burton foods,5,31305.0,0,0,0,0,3,0,0,0,0,1,0,0,0,0,0,0,0,1,0,0,0
burton restaurants llc,3,47300.0,0,0,0,0,0,0,0,0,0,0,0,0,2,0,0,0,0,1,0,0,0
c me trim company inc.,3,62610.0,0,0,0,3,0,0,0,0,0,0,0,0,0,0,0,0,0,0,0,0,0
ca one tech cloud inc,3,73045.0,0,0,0,0,0,0,0,0,2,0,0,1,0,0,0,0,0,0,0,0,0
california coast credit,6,36050.0,0,0,0,0,0,0,1,0,1,4,0,0,0,0,0,0,0,0,0,0,0
california pizza kitchen,6,29409.0,0,0,0,0,0,0,1,1,0,0,0,0,0,0,0,0,0,4,0,0,0
california public utilities commission,11,45384.0,0,0,11,0,0,0,0,0,0,0,0,0,0,0,0,0,0,0,0,0,0
california state university,33,47340.0,0,0,1,2,0,0,4,0,1,4,0,1,2,0,8,0,0,1,9,0,0
cannabis 21+,4,31305.0,0,0,0,0,0,0,0,0,0,0,0,0,1,0,0,0,0,0,0,2,0
cannon building,3,73045.0,0,0,0,3,0,0,0,0,0,0,0,0,0,0,0,0,0,0,0,0,0
care choice home care,8,36522.5,0,0,0,7,0,0,0,0,0,0,0,0,1,0,0,0,0,0,0,0,0
carl's jr.,3,29218.0,0,0,0,0,0,0,0,0,0,0,0,0,0,0,0,0,0,3,0,0,0
carlisle interconnect technologies,7,39653.0,0,1,0,0,3,0,0,1,0,0,0,1,0,0,0,0,0,0,0,0,0
"cart mart, inc.",3,31305.0,0,0,0,0,0,0,1,1,0,0,0,1,0,0,0,0,0,0,0,0,0
carte hotel,5,26850.0,0,0,0,0,0,0,2,0,0,0,0,0,0,0,0,0,0,3,0,0,0
carvana,3,31305.0,0,0,0,0,0,0,1,0,0,0,0,0,0,0,0,0,0,0,0,0,0
casino pauma,3,28000.0,0,0,0,0,0,0,0,0,0,0,0,0,0,0,0,0,0,2,0,1,0
cass arrieta,3,35479.0,0,0,0,0,0,0,0,0,0,0,0,0,0,0,0,0,0,0,0,0,0
cava,4,33392.0,0,0,0,0,0,0,1,0,0,0,0,0,0,0,0,0,0,0,0,0,0
"center for autism and related disorders, inc.",5,,0,0,0,0,0,0,0,0,0,0,0,3,0,0,0,0,0,0,0,0,0
center for community solutions,3,52500.0,0,0,0,0,0,0,1,0,0,0,0,0,0,0,0,0,0,0,1,1,0
cg creative studios,4,77800.0,0,0,0,0,1,0,0,0,0,0,0,0,1,0,0,0,0,0,0,0,0
charger logistics inc,3,,0,0,0,0,0,0,0,3,0,0,0,0,0,0,0,0,0,0,0,0,0
che behavioral health services,5,48100.0,0,0,0,0,0,1,4,0,0,0,0,0,0,0,0,0,0,0,0,0,0
chef works inc,3,40696.5,0,0,0,0,0,0,1,0,1,0,0,0,0,0,0,0,0,1,0,0,0
chick fil a del sur town center,4,35479.0,0,0,0,0,0,0,0,0,0,0,0,0,0,0,0,0,0,1,0,0,0
chick fil a mission center road,3,35479.0,0,0,0,0,0,0,0,0,0,0,0,0,0,0,0,0,0,1,0,0,0
chick fil a | ocean view hills,3,33392.0,0,0,0,0,0,0,0,0,0,0,0,0,0,0,0,0,0,0,0,0,0
chilis,6,26350.0,0,0,0,0,0,0,0,0,0,0,0,0,0,0,0,0,0,2,0,0,0
chipotle mexican grill,3,31305.0,0,0,0,0,0,0,0,0,0,0,0,0,0,0,0,0,0,2,0,0,0
chuck e cheese,11,25200.0,0,0,0,0,0,0,0,0,0,0,0,0,0,0,0,0,0,8,0,0,0
church's chicken,5,22957.0,0,0,0,0,0,0,2,0,0,0,0,0,0,0,0,0,0,3,0,0,0
cibus us llc,3,,0,0,0,0,1,0,1,0,0,0,0,1,0,0,0,0,0,0,0,0,0
city experiences by hornblower group,7,,0,0,0,0,0,0,0,0,0,0,0,0,1,1,0,0,0,3,2,0,0
"city of carlsbad, ca",3,59904.0,0,0,0,0,0,0,0,0,0,0,0,1,2,0,0,0,0,0,0,0,0
city of encinitas,4,56760.0,0,0,2,0,0,0,0,0,0,0,0,0,1,0,0,0,0,0,1,0,0
city of escondido,4,34714.0,0,0,0,0,0,0,0,0,1,0,1,0,0,0,0,1,0,0,1,0,0
"city of oceanside, ca",3,46548.0,0,0,1,0,0,0,0,0,0,1,0,1,0,0,0,0,0,0,0,0,0
"city of poway, ca",4,47000.0,0,0,0,1,0,0,0,0,0,0,0,1,0,0,0,1,0,0,1,0,0
city of san diego,23,55900.0,0,0,1,1,1,2,0,0,4,0,0,1,1,2,1,1,0,0,7,1,0
"city of san marcos, california",5,30450.0,0,0,0,0,0,0,0,0,0,0,0,1,0,0,1,0,0,0,3,0,0
clean harbors,4,49000.0,0,0,0,0,0,0,1,1,0,0,0,0,0,2,0,0,0,0,0,0,0
club xcite,6,45914.0,0,0,0,0,0,0,0,0,0,0,0,4,2,0,0,0,0,0,0,0,0
clutter,3,41740.0,0,0,0,0,0,0,1,2,0,0,0,0,0,0,0,0,0,0,0,0,0
cmit solutions of central ri,3,,0,0,0,0,0,0,0,0,0,0,0,3,0,0,0,0,0,0,0,0,0
codex dna,3,65000.0,0,0,0,0,2,1,0,0,0,0,0,0,0,0,0,0,0,0,0,0,0
cohn restaurant group,4,,0,0,0,0,0,0,0,0,0,0,0,0,0,0,0,0,0,4,0,0,0
collins aerospace,10,,0,0,0,0,3,0,1,1,2,2,0,0,0,0,0,0,0,0,0,1,0
colrich,3,,0,0,0,0,0,0,0,0,0,0,0,0,1,0,0,0,0,0,1,0,0
commonwealth financial network,9,60700.0,0,0,0,0,0,1,2,0,4,1,0,0,0,1,0,0,0,0,0,0,0
community care center,6,38200.0,0,0,0,0,0,0,1,0,0,1,0,0,1,0,0,2,0,0,0,1,0
community health group,3,33100.0,0,0,0,0,0,0,1,0,0,1,0,0,1,0,0,0,0,0,0,0,0
community research foundation,20,90000.0,0,0,0,0,0,0,0,0,0,1,0,12,0,0,0,5,0,0,2,0,0
compunnel healthcare,3,62610.0,0,0,0,0,0,0,0,0,0,0,0,1,0,0,0,2,0,0,0,0,0
compunnel inc.,6,52175.0,0,0,0,0,3,1,0,0,1,0,0,1,0,0,0,0,0,0,0,0,0
conam management corporation,7,39653.0,0,0,0,0,0,0,0,0,0,0,1,2,4,0,0,0,0,0,0,0,0
concord hospitality,6,33392.0,0,0,0,0,0,0,0,0,0,0,0,0,5,0,0,0,0,1,0,0,0
coneybeare,5,60000.0,0,0,0,0,0,3,0,0,0,0,0,0,0,0,0,0,0,0,0,0,0
confidential,26,37566.0,1,0,0,2,0,2,1,1,2,3,0,1,5,0,1,1,2,0,0,1,0
connexion systems and engineering,3,50088.0,0,0,0,0,0,0,1,0,0,0,0,2,0,0,0,0,0,0,0,0,0
continental maritime of san diego,5,50000.0,0,0,0,1,0,0,0,0,1,1,0,0,0,0,0,0,0,0,0,0,0
cook group,3,,0,0,0,0,1,0,0,1,0,1,0,0,0,0,0,0,0,0,0,0,0
"core contracting, inc.",3,83480.0,0,0,0,3,0,0,0,0,0,0,0,0,0,0,0,0,0,0,0,0,0
corecivic,10,,0,0,0,0,0,0,0,1,0,4,0,0,3,0,0,0,0,0,1,1,0
corratel hc,3,92100.0,0,0,0,1,0,0,0,0,0,0,0,0,0,0,0,0,0,0,0,0,0
cortech,4,45914.0,0,0,0,0,2,0,0,0,0,0,0,1,1,0,0,0,0,0,0,0,0
cortex,9,65740.5,0,0,0,0,0,0,0,0,0,0,0,0,0,0,0,5,0,0,0,0,0
cortica,6,52000.0,0,0,0,0,0,0,1,0,0,0,0,0,2,0,0,1,0,0,0,0,0
county of san diego,37,64178.5,0,0,0,3,0,3,2,0,1,0,0,4,4,0,0,2,0,0,17,1,0
"countywide mechanical systems, inc.",6,,0,0,4,1,0,0,0,0,0,0,0,0,0,0,0,0,0,0,0,0,0
coventry wcs,3,,0,0,0,0,0,0,0,0,1,0,0,0,0,0,0,2,0,0,0,0,0
cox communications inc,6,65005.0,0,0,0,0,0,0,2,0,1,1,0,0,2,0,0,0,0,0,0,0,0
"craft and technical solutions, llc",4,80349.5,0,0,0,0,0,0,0,0,0,0,0,4,0,0,0,0,0,0,0,0,0
crate & barrel,7,32000.0,0,0,0,0,0,3,2,0,0,0,0,0,0,0,0,0,0,0,0,0,0
crc ed treatment,3,57624.5,0,1,0,0,0,0,2,0,0,0,0,0,0,0,0,0,0,0,0,0,0
"crossmark, inc.",3,28000.0,0,0,0,0,0,3,0,0,0,0,0,0,0,0,0,0,0,0,0,0,0
crownbio,10,55550.0,0,0,0,0,1,0,2,0,0,0,0,6,0,0,0,0,0,0,0,0,0
crownco inc,3,,0,0,0,3,0,0,0,0,0,0,0,0,0,0,0,0,0,0,0,0,0
crunch care,7,48750.0,0,0,0,0,0,0,0,0,0,0,0,0,0,0,0,0,0,0,0,7,0
csl staffing,4,33392.0,0,0,0,0,1,0,2,0,0,0,0,0,1,0,0,0,0,0,0,0,0
cue health,8,41900.0,0,0,0,0,3,1,0,0,1,0,0,1,0,0,0,0,0,0,0,1,0
cushman & wakefield,8,34700.0,0,0,0,0,1,0,0,0,0,1,4,1,1,0,0,0,0,0,0,0,0
"cuso financial services, l.p.",3,,0,0,0,0,0,0,0,0,1,2,0,0,0,0,0,0,0,0,0,0,0
cute cakes,3,42409.0,0,0,0,0,1,0,1,0,0,0,0,0,0,0,0,0,0,1,0,0,0
cvs health,5,,0,0,0,0,0,0,1,0,1,0,0,0,0,1,0,0,0,0,0,0,0
cvs health retail,7,,0,0,0,0,0,4,3,0,0,0,0,0,0,0,0,0,0,0,0,0,0
cybercoders,16,100000.0,0,0,0,1,0,2,0,0,2,3,2,1,1,0,0,0,1,0,0,0,0
cycle gear,6,31305.0,0,0,0,0,0,3,1,0,0,0,0,0,0,0,0,0,0,1,0,0,0
danny's home health care inc.,3,83480.0,0,0,0,3,0,0,0,0,0,0,0,0,0,0,0,0,0,0,0,0,0
dave & buster's,6,,0,0,0,0,0,0,1,0,0,0,0,1,0,0,0,0,0,2,0,0,0
davey tree,3,,3,0,0,0,0,0,0,0,0,0,0,0,0,0,0,0,0,0,0,0,0
david's bridal,3,28200.0,0,0,0,0,0,0,2,0,0,0,0,0,0,0,0,0,0,0,0,0,0
davidson hospitality group,6,24500.0,0,0,0,0,0,0,0,0,0,0,0,0,0,0,0,0,0,6,0,0,0
davita,6,,0,0,0,0,0,0,0,0,0,0,0,3,1,0,0,2,0,0,0,0,0
del mar fairgrounds   22nd district agricultural...,3,45600.0,0,0,0,0,0,0,0,0,1,0,0,0,2,0,0,0,0,0,0,0,0
del taco llc,6,,0,0,0,0,0,0,6,0,0,0,0,0,0,0,0,0,0,0,0,0,0
delaware north,3,33900.0,0,0,0,0,0,1,0,0,0,0,0,0,0,0,0,2,0,0,0,0,0
deloitte,72,88600.0,0,2,0,0,4,6,6,0,17,6,0,5,11,2,0,0,1,0,2,1,0
dental express   point loma,4,112698.0,0,0,0,0,0,0,0,0,0,0,0,0,0,0,0,4,0,0,0,0,0
dental group palomar,3,33800.0,0,0,0,0,0,0,0,0,0,0,0,0,1,0,0,2,0,0,0,0,0
design appruv,3,37200.0,0,0,0,0,0,1,0,0,0,0,0,1,1,0,0,0,0,0,0,0,0
destination oceanside,3,29600.0,0,0,0,0,0,0,0,0,0,0,0,0,0,0,0,0,0,0,0,0,0
dewey pest control,5,35000.0,0,0,0,1,0,0,0,0,0,0,0,0,2,0,0,0,0,0,0,2,0
dexcom,7,52650.0,0,0,0,0,3,1,0,0,0,0,0,2,0,0,0,0,0,0,0,0,0
din tai fung,10,41740.0,0,0,0,0,0,1,1,0,0,0,0,0,1,0,0,0,0,7,0,0,0
dirt king fabrication,3,33392.0,0,0,0,1,0,0,0,1,0,0,0,0,1,0,0,0,0,0,0,0,0
dish,7,41740.0,0,0,0,6,0,0,0,0,0,0,0,0,0,0,0,0,0,0,0,0,0
disys,7,37566.0,0,0,0,0,0,0,2,0,0,2,0,0,0,0,0,0,0,0,0,0,0
dnv,3,,0,0,2,0,0,0,0,0,0,0,0,0,1,0,0,0,0,0,0,0,0
domino's franchise,3,21200.0,0,0,0,0,0,0,3,0,0,0,0,0,0,0,0,0,0,0,0,0,0
dr. bronner’s,8,38650.0,0,0,0,0,3,0,0,1,0,0,0,2,0,0,0,0,0,0,0,2,0
dr. zak dental care,3,41740.0,0,0,0,0,0,0,0,0,0,0,0,1,0,0,0,1,0,0,1,0,0
dreamstyle remodeling,5,65000.0,0,0,0,4,0,1,0,0,0,0,0,0,0,0,0,0,0,0,0,0,0
"dssi, inc.",3,31305.0,0,0,0,0,3,0,0,0,0,0,0,0,0,0,0,0,0,0,0,0,0
dunn edwards,4,34700.0,0,0,0,0,0,2,2,0,0,0,0,0,0,0,0,0,0,0,0,0,0
easterseals southern california,4,49850.0,0,0,0,0,0,0,0,0,0,0,0,0,3,0,0,1,0,0,0,0,0
eastridge workforce solutions,9,45914.0,0,0,0,0,2,1,1,0,0,0,0,0,2,0,0,1,0,0,0,1,0
edf renewables,6,92000.0,0,0,1,0,0,0,0,0,1,1,0,0,1,0,0,0,0,0,0,0,0
eighty five sixty inc.,3,42300.0,0,1,0,2,0,0,0,0,0,0,0,0,0,0,0,0,0,0,0,0,0
einstein bros. bagels,3,33392.0,0,0,0,0,0,0,0,0,0,0,0,0,0,0,0,0,0,1,0,0,0
el pollo loco,4,27800.0,0,0,0,0,0,0,0,0,0,0,0,0,0,0,0,0,0,4,0,0,0
element biosciences,3,,0,0,0,0,1,1,0,0,0,1,0,0,0,0,0,0,0,0,0,0,0
elemy,5,,0,0,0,0,0,0,0,0,0,0,0,5,0,0,0,0,0,0,0,0,0
empower solar group,3,70000.0,0,0,3,0,0,0,0,0,0,0,0,0,0,0,0,0,0,0,0,0,0
epic sciences,3,63100.0,0,0,0,0,0,0,0,0,0,0,0,2,1,0,0,0,0,0,0,0,0
"epitope diagnostics, inc.",7,61000.0,0,0,0,0,5,0,0,0,0,0,0,0,0,0,0,0,0,0,2,0,0
epsilon systems inc,13,41500.0,0,0,0,1,1,0,1,0,10,0,0,0,0,0,0,0,0,0,0,0,0
equus workforce solutions,7,41740.0,0,0,0,0,0,0,0,0,0,0,0,0,1,0,0,2,0,0,0,0,0
esfm,4,,0,0,2,0,0,0,0,0,0,0,0,0,1,0,0,0,0,0,0,0,0
eurofins,3,44500.0,0,0,0,0,0,1,2,0,0,0,0,0,0,0,0,0,0,0,0,0,0
eurofins usa biopharma services,3,50800.0,0,0,0,0,0,0,3,0,0,0,0,0,0,0,0,0,0,0,0,0,0
"evans hotels, llc",6,29800.0,0,0,0,2,0,0,0,0,0,0,0,0,0,0,0,0,0,2,0,0,0
everlight solar,3,22000.0,0,0,2,0,0,0,1,0,0,0,0,0,0,0,0,0,0,0,0,0,0
exact sciences corporation,3,65650.0,0,0,0,0,2,0,0,0,0,0,0,1,0,0,0,0,0,0,0,0,0
"exagen, inc.",7,46250.0,0,0,0,0,0,1,0,0,1,0,0,2,0,0,0,2,0,0,0,0,0
excel hotel group,3,29952.5,0,0,0,0,0,1,0,0,0,0,0,0,0,0,0,0,0,2,0,0,0
experfy inc,3,126000.0,0,0,0,0,0,0,0,0,3,0,0,0,0,0,0,0,0,0,0,0,0
express employment professionals,4,34435.5,0,0,0,0,1,0,0,1,0,0,0,0,1,0,0,0,0,0,0,0,0
fairfield residential,3,59100.0,0,0,0,2,0,0,0,0,0,1,0,0,0,0,0,0,0,0,0,0,0
family health centers of san diego,12,41740.0,0,0,0,0,0,0,3,2,0,1,0,1,1,0,0,1,0,0,0,0,0
famous footwear,10,,0,0,0,0,0,1,2,0,0,0,0,0,7,0,0,0,0,0,0,0,0
fate therapeutics,28,65750.0,0,0,0,0,8,0,9,0,1,1,0,1,4,1,0,0,0,0,1,0,0
fedex express,4,37566.0,0,0,0,0,0,0,0,4,0,0,0,0,0,0,0,0,0,0,0,0,0
filtrous,3,60000.0,0,0,0,0,0,0,0,0,0,0,0,2,1,0,0,0,0,0,0,0,0
firestone complete auto care,3,42500.0,0,0,0,0,0,0,1,0,0,0,0,2,0,0,0,0,0,0,0,0,0
first transit,4,33392.0,0,0,0,0,0,0,1,2,0,0,0,0,0,0,0,0,0,0,0,0,0
five below,5,,0,0,0,0,0,5,0,0,0,0,0,0,0,0,0,0,0,0,0,0,0
flagship cruises & events,3,30261.5,0,0,0,1,0,0,0,0,0,0,0,0,0,0,0,0,0,0,0,0,0
"fortis industries, inc. dba   lts, inc.",3,74100.0,0,0,0,2,0,0,0,0,0,0,0,0,1,0,0,0,0,0,0,0,0
frazier farms,7,31305.0,0,0,0,0,0,0,1,0,0,0,0,0,5,0,0,0,0,1,0,0,0
free sacred trinity church,3,95000.0,0,0,0,0,0,0,0,0,0,0,0,3,0,0,0,0,0,0,0,0,0
fresenius medical care,4,,0,0,0,0,0,0,0,0,0,0,0,0,0,0,0,4,0,0,0,0,0
frito lay north america,3,43827.0,0,0,0,0,0,2,0,1,0,0,0,0,0,0,0,0,0,0,0,0,0
front porch,6,44870.5,0,0,0,0,0,0,1,2,0,0,0,0,2,0,0,1,0,0,0,0,0
frontwave credit union,4,41400.0,0,0,0,0,0,0,0,0,0,4,0,0,0,0,0,0,0,0,0,0,0
gallagher,3,86500.0,0,0,0,0,0,0,1,0,0,1,0,0,0,0,0,0,0,0,1,0,0
gardaworld security services u.s.,9,33392.0,0,0,0,0,0,0,3,0,0,0,0,0,0,0,0,0,0,0,0,6,0
garden communities ca,3,34800.0,0,0,1,0,0,0,1,0,0,0,0,0,0,0,0,0,0,0,0,0,0
gat airline support,4,31750.0,0,0,0,0,0,0,1,0,0,0,0,0,1,0,0,0,0,0,0,2,0
"gbc remodeling, inc.",3,52175.0,0,0,0,1,0,0,0,0,0,1,0,0,0,0,0,0,0,0,0,0,0
general atomics and affiliated companies,58,78150.0,0,1,0,6,6,3,1,1,12,5,0,8,3,3,0,0,0,0,0,1,0
general dynamics information technology,4,98250.0,0,1,0,1,1,0,0,0,1,0,0,0,0,0,0,0,0,0,0,0,0
"genomatica, inc",7,47200.0,0,0,0,0,0,0,4,0,0,0,0,2,0,0,0,0,0,0,0,0,0
"genomatica, inc.",7,47200.0,0,0,0,0,0,0,2,0,1,0,0,3,0,0,0,0,0,0,0,0,0
geppetto's toys,3,31305.0,0,0,0,0,0,3,0,0,0,0,0,0,0,0,0,0,0,0,0,0,0
gg advisors llc,4,62500.0,0,0,1,0,0,1,1,0,0,0,0,0,1,0,0,0,0,0,0,0,0
girl scouts san diego,9,21141.0,0,0,0,0,0,1,0,0,1,2,0,0,1,0,0,2,0,0,0,0,0
gkn aerospace,3,,0,0,0,0,2,0,0,0,0,0,0,0,0,0,0,0,0,0,0,1,0
glanbia nutritionals,3,36400.0,0,0,0,0,3,0,0,0,0,0,0,0,0,0,0,0,0,0,0,0,0
global medical response,12,40300.0,0,0,0,0,2,0,2,2,0,0,0,3,0,0,0,3,0,0,0,0,0
global payments,6,57900.0,0,0,0,1,0,0,2,0,1,0,0,0,0,0,0,0,1,0,0,0,0
"go green agriculture, inc.",3,33392.0,2,0,0,0,0,0,0,0,0,0,0,1,0,0,0,0,0,0,0,0,0
golden hill post acute care,3,45914.0,0,0,0,0,0,0,0,0,0,0,0,0,1,0,0,0,0,0,2,0,0
goodwill industries of san diego county,13,27650.0,0,0,0,0,0,2,0,0,1,0,0,1,0,0,0,0,0,0,9,0,0
google,3,83600.0,0,0,0,0,0,1,0,0,0,0,0,0,0,0,0,0,0,0,0,0,0
gpac,3,300000.0,0,0,0,0,0,0,0,0,0,0,0,1,0,0,0,0,0,0,0,0,0
grand hyatt san diego,3,,0,0,0,0,0,0,0,0,0,1,0,0,1,0,0,0,0,0,0,0,0
granite hills healthcare & wellness centre,3,56800.0,0,0,0,0,0,0,0,0,0,0,0,0,1,0,0,1,0,0,1,0,0
greystar real estate partners llc,10,37300.0,0,0,0,3,0,0,1,0,0,0,6,0,0,0,0,0,0,0,0,0,0
grifols,3,,0,0,0,0,1,0,2,0,0,0,0,0,0,0,0,0,0,0,0,0,0
grossmont cuyamaca community college district,5,89600.0,0,0,0,0,0,0,1,0,2,0,0,0,0,0,2,0,0,0,0,0,0
guard west security svcs,3,29218.0,0,0,0,0,0,0,0,0,0,0,0,0,0,0,0,0,0,0,0,3,0
guild mortgage,5,37115.0,0,0,0,0,0,0,0,0,1,0,4,0,0,0,0,0,0,0,0,0,0
guild mortgage company llc,3,59200.0,0,0,0,0,0,0,0,0,1,0,2,0,0,0,0,0,0,0,0,0,0
"gypsum management & supply, inc.",4,28500.0,0,0,0,0,0,0,1,1,0,0,0,0,2,0,0,0,0,0,0,0,0
gyu kaku japanese bbq,3,24350.0,0,0,0,0,0,0,0,0,0,0,0,0,0,0,0,0,0,3,0,0,0
hallmark,4,,0,0,0,0,0,3,0,0,0,0,0,0,1,0,0,0,0,0,0,0,0
halo staffing group llc,4,34000.0,0,0,0,0,0,0,0,0,0,0,0,0,1,0,0,3,0,0,0,0,0
handel's homemade ice cream,3,31305.0,0,0,0,0,0,0,3,0,0,0,0,0,0,0,0,0,0,0,0,0,0
"hanna interpreting services, llc",4,35479.0,0,0,0,0,0,0,1,0,0,1,0,0,1,0,0,0,0,0,0,0,0
hard rock hotel san diego,4,33900.0,0,0,0,0,0,0,0,0,0,3,0,0,0,0,0,0,0,1,0,0,0
hawthorne machinery co.,4,34800.0,0,0,0,0,0,0,1,1,0,0,0,1,0,0,1,0,0,0,0,0,0
healthstore,3,56700.0,0,0,0,0,0,0,0,0,1,1,0,0,0,0,0,0,0,0,0,0,0
hertz,5,34839.5,0,0,0,0,0,1,1,0,0,0,0,2,0,0,0,0,0,0,0,0,0
"hhs construction, llc.",4,52175.0,0,0,0,2,0,0,0,0,0,0,0,0,0,0,0,0,0,0,0,0,0
hilton,16,29200.0,0,0,0,0,0,1,0,0,0,0,0,0,2,0,0,0,0,4,1,0,0
hilton grand vacations,4,46750.0,0,0,0,0,0,2,0,0,0,1,0,0,0,0,0,0,0,0,0,0,0
hilton's of san diego   virtual hiring event,39,33392.0,0,0,0,0,0,0,7,0,0,0,0,0,2,0,0,0,0,11,3,0,0
home care assistance,3,73650.0,0,0,0,3,0,0,0,0,0,0,0,0,0,0,0,0,0,0,0,0,0
home start inc,14,35250.0,0,0,0,13,0,0,0,0,0,0,0,0,0,0,0,1,0,0,0,0,0
homewood san diego mission valley,5,,0,0,0,0,0,0,0,0,0,1,0,0,0,0,0,0,0,0,0,0,0
hooker furniture,3,33400.0,0,0,0,0,0,0,2,0,0,0,0,0,0,0,0,0,0,0,0,0,0
hp,10,79650.0,0,0,0,0,1,0,0,0,0,3,0,0,2,0,0,0,3,0,0,1,0
hunt mh shared services llc,3,38100.0,0,0,0,0,0,0,3,0,0,0,0,0,0,0,0,0,0,0,0,0,0
hyatt regency mission bay spa and marina,4,27850.0,0,0,0,0,0,0,0,0,0,0,0,0,1,0,0,0,0,0,0,0,0
hyatt regency mission bay spa y puerto deportivo,4,,0,0,0,0,0,0,0,0,0,0,0,0,0,0,0,0,0,0,0,0,0
idea permian basin,4,57500.0,0,0,0,0,0,0,0,0,0,0,0,1,0,0,3,0,0,0,0,0,0
ignite visibility llc,3,54250.0,0,0,0,0,0,1,0,0,0,0,0,0,2,0,0,0,0,0,0,0,0
illumina,8,51350.0,0,0,0,0,1,1,1,1,1,1,0,2,0,0,0,0,0,0,0,0,0
imatrix,5,52070.0,0,0,0,0,0,2,0,0,0,3,0,0,0,0,0,0,0,0,0,0,0
impact healthcare,6,45950.0,0,0,0,2,0,0,0,0,0,0,0,0,0,0,0,4,0,0,0,0,0
in n out burger,3,35479.0,0,0,0,0,0,0,3,0,0,0,0,0,0,0,0,0,0,0,0,0,0
indeed gigs,3,46200.0,0,0,0,0,0,0,0,0,0,0,0,0,0,0,0,0,0,0,0,0,0
indian health council,7,36000.0,0,0,0,0,0,0,0,0,0,2,0,1,0,0,0,1,0,0,1,0,0
"indus technology, inc.",24,93600.0,0,0,0,2,1,0,0,2,5,4,0,2,5,1,0,0,0,0,0,0,0
inova health system,5,,0,0,0,0,0,0,0,0,0,0,0,1,0,0,0,0,0,0,0,0,0
insight global,10,36683.0,0,0,0,0,0,0,3,0,0,2,0,0,1,0,0,1,0,0,0,1,0
intel,7,144000.0,0,0,0,0,0,1,0,0,0,1,0,2,1,0,0,0,1,0,0,0,0
interfaith community services,9,33600.0,0,0,0,0,0,0,2,0,0,0,0,0,0,0,0,5,0,0,2,0,0
interior logic group,6,36550.0,0,0,0,0,1,0,0,2,1,0,0,0,0,0,0,0,0,0,1,0,0
intersolutions,3,29500.0,0,0,0,0,0,0,0,0,0,0,1,0,0,2,0,0,0,0,0,0,0
intuit,8,82200.0,0,0,0,1,0,0,0,0,3,0,0,0,1,0,1,0,0,0,0,1,0
ivey ranch park association,4,32152.5,3,0,0,0,0,0,0,0,0,0,0,0,0,0,1,0,0,0,0,0,0
j t kruer & company,3,80000.0,0,0,0,2,0,0,0,0,0,0,0,0,0,0,0,0,0,0,0,0,0
j&j worldwide services,3,,0,0,3,0,0,0,0,0,0,0,0,0,0,0,0,0,0,0,0,0,0
jack in the box,23,33392.0,0,0,0,0,0,0,5,0,0,0,0,0,7,0,0,0,0,5,0,0,0
jack in the box | jack in the box,7,85000.0,0,0,0,0,0,0,0,0,0,0,0,1,1,0,0,0,0,0,0,0,0
jack in the box | mzm foods,4,27400.0,0,0,0,0,0,0,0,0,0,0,0,0,1,0,0,0,0,0,0,0,0
jamul casino,5,27700.0,0,1,0,0,0,0,0,0,0,1,0,0,0,0,0,0,0,0,0,0,0
jared dean   state farm agent,4,47850.0,4,0,0,0,0,0,0,0,0,0,0,0,0,0,0,0,0,0,0,0,0
jb software & consulting,3,41740.0,0,0,0,0,0,0,0,0,3,0,0,0,0,0,0,0,0,0,0,0,0
jdv oceanside,4,27900.0,0,0,0,0,0,0,0,0,0,0,0,0,0,0,0,0,0,0,0,0,0
"jeld wen, inc",4,41740.0,0,0,0,0,3,0,0,1,0,0,0,0,0,0,0,0,0,0,0,0,0
jerry,3,40000.0,0,0,0,0,0,1,1,0,0,1,0,0,0,0,0,0,0,0,0,0,0
jewish family service of san diego,12,41740.0,0,0,0,0,0,0,11,0,0,0,0,0,0,0,0,1,0,0,0,0,0
jkc automotive,3,53200.0,0,0,0,0,0,1,1,0,0,0,0,0,1,0,0,0,0,0,0,0,0
johnson & johnson family of companies,6,70800.0,0,0,0,0,0,1,1,0,1,0,0,0,1,0,0,0,0,0,0,0,0
"jpmorgan chase bank, n.a.",13,,0,0,0,0,0,1,4,0,0,4,0,0,2,0,0,0,0,0,0,0,0
june shine,3,69500.0,0,0,0,0,1,1,0,1,0,0,0,0,0,0,0,0,0,0,0,0,0
juno diagnostics inc,3,72400.0,0,0,0,0,0,0,0,0,0,0,0,2,0,0,0,0,0,0,0,0,0
jw floor covering inc.,3,78000.0,0,0,0,2,0,0,0,0,0,0,0,0,0,0,0,0,0,0,0,0,0
kaelins market,3,31305.0,0,0,0,0,0,0,0,0,0,0,0,0,0,0,0,0,0,1,0,0,0
kaiser,6,88450.0,0,0,0,0,0,0,0,0,0,0,0,1,0,0,0,3,0,0,0,0,0
kaiser permanente,28,67800.0,0,0,0,1,0,0,0,0,1,2,0,4,4,0,0,5,0,0,0,0,0
katalyst healthcares & life sciences,10,104350.0,0,0,0,4,2,0,0,0,0,0,0,1,0,0,0,0,0,0,1,0,0
katalyst healthcares & life sciences inc,4,68700.0,0,0,0,2,0,0,0,0,0,0,0,1,0,0,0,0,0,0,1,0,0
kearny mesa convalescent & nursing home,4,,0,0,0,3,0,0,0,0,0,0,0,0,0,0,0,0,0,0,1,0,0
kelly,10,48700.0,0,0,0,0,1,2,0,0,0,1,0,3,0,1,0,0,0,0,0,0,0
kendal floral supply llc,3,39653.0,0,0,0,0,3,0,0,0,0,0,0,0,0,0,0,0,0,0,0,0,0
kfc,3,29218.0,0,0,0,0,0,0,0,0,0,0,0,0,0,0,0,0,0,0,0,0,0
kidder matthews,4,,0,0,0,0,0,1,0,0,0,1,0,0,0,1,0,0,0,0,0,0,0
kidztopros,3,41740.0,0,0,0,0,0,0,0,0,0,0,0,0,2,0,1,0,0,0,0,0,0
kindercare education,14,35750.0,0,0,0,0,0,0,0,0,0,0,0,0,0,0,14,0,0,0,0,0,0
kindred hospitals,6,73100.0,0,0,0,0,0,0,0,0,0,0,0,0,1,0,0,5,0,0,0,0,0
kontron america inc jobs,3,,0,0,0,0,0,0,1,0,0,1,0,0,0,0,0,0,0,0,1,0,0
kpmg,31,97050.0,0,0,0,0,1,0,3,0,6,2,0,1,3,0,0,1,2,0,1,3,0
kroger,9,26900.0,0,0,0,0,0,0,0,0,0,0,0,0,9,0,0,0,0,0,0,0,0
la costa glen carlsbad ccrc llc,3,41740.0,0,1,0,0,0,0,0,1,0,0,0,0,0,0,0,1,0,0,0,0,0
la house cleaning,3,72800.0,0,0,0,0,0,0,0,0,0,0,0,0,0,3,0,0,0,0,0,0,0
"la jolla beach & tennis club, inc.",10,34750.0,0,0,0,1,0,1,0,0,1,3,0,0,3,0,0,0,0,1,0,0,0
la jolla dental group,3,33400.0,0,0,0,0,0,0,0,0,0,0,0,0,1,0,0,2,0,0,0,0,0
la mesa spring valley school district,3,35479.0,0,0,0,0,0,0,1,0,0,0,0,0,0,0,2,0,0,0,0,0,0
la valencia hotel,3,31305.0,0,0,0,0,0,0,0,0,0,0,0,0,0,0,0,0,0,3,0,0,0
labcorp,34,38100.0,0,0,0,1,1,0,7,0,2,2,1,11,3,0,0,0,0,0,0,2,0
labor finders,12,33392.0,0,0,0,0,4,0,3,2,0,0,0,0,0,1,0,0,0,0,0,0,0
labor one staffing,8,41740.0,0,0,0,3,0,0,0,1,0,0,0,0,0,0,0,0,0,0,0,0,0
le parfait paris,3,64697.0,0,0,0,0,0,0,0,1,0,0,0,0,2,0,0,0,0,0,0,0,0
learn4life,3,35479.0,0,0,1,0,0,0,0,0,0,0,0,0,0,0,1,0,0,0,0,0,0
lehigh hanson,3,,0,0,2,0,0,0,0,0,0,0,0,0,0,1,0,0,0,0,0,0,0
leidos,10,,0,0,0,3,1,1,1,0,1,1,0,0,0,1,0,0,0,0,0,0,0
liberty military housing,32,39800.0,0,0,1,0,2,0,11,0,0,0,1,3,6,2,0,0,0,0,3,0,0
"limelight media, llc",3,35000.0,0,0,0,0,0,1,1,0,0,0,0,0,1,0,0,0,0,0,0,0,0
"lithia motors, inc.",4,,0,0,0,0,0,0,1,0,0,0,0,2,0,0,0,0,0,0,0,0,0
little caesars,6,29218.0,0,0,0,0,0,0,5,0,0,0,0,0,1,0,0,0,0,0,0,0,0
local allstate insurance agency,9,40000.0,0,0,0,0,0,4,1,0,0,4,0,0,0,0,0,0,0,0,0,0,0
lodging dynamics,4,34435.5,0,0,0,0,0,0,0,0,0,0,0,0,0,0,0,0,0,4,0,0,0
loews hotels & co.,3,52550.0,0,1,0,0,0,0,0,0,0,0,0,0,1,0,0,0,0,0,0,0,0
los robles healthcare,3,,0,0,0,0,0,0,0,0,0,0,0,0,0,0,0,3,0,0,0,0,0
lot management,3,33392.0,0,0,0,0,0,0,0,0,0,0,0,0,3,0,0,0,0,0,0,0,0
louis vuitton,4,,0,0,0,0,0,1,2,0,0,0,0,0,0,0,0,0,0,0,0,0,0
lpl financial,3,111000.0,0,0,0,0,0,0,2,0,0,1,0,0,0,0,0,0,0,0,0,0,0
lucky brand,3,,0,0,0,0,0,2,0,0,0,0,0,0,1,0,0,0,0,0,0,0,0
luna grill,4,,0,0,0,0,0,0,0,0,0,0,0,0,0,0,0,0,0,4,0,0,0
luxottica,3,31400.0,0,0,0,0,0,2,1,0,0,0,0,0,0,0,0,0,0,0,0,0,0
macy’s,14,,0,0,0,0,0,5,8,0,0,0,0,0,0,0,0,0,0,0,0,1,0
marine corps community services,18,39653.0,0,0,0,1,0,0,16,0,0,0,0,0,1,0,0,0,0,0,0,0,0
marine group boat works,3,41740.0,0,0,0,0,0,0,0,0,0,0,0,0,1,0,0,0,0,0,0,0,0
marketing agency in orange county & los angeles,4,35000.0,0,0,0,0,0,4,0,0,0,0,0,0,0,0,0,0,0,0,0,0,0
"marriott international, inc",22,,0,0,0,0,0,1,2,0,0,0,1,1,5,0,0,0,0,2,0,1,0
marriott vacations worldwide,13,,0,0,0,1,0,0,0,0,0,1,0,2,2,0,0,0,0,0,1,0,0
marsh & mclennan agency,4,37950.0,0,0,0,0,0,0,2,0,0,1,0,1,0,0,0,0,0,0,0,0,0
marshalls,3,,0,0,0,0,0,0,3,0,0,0,0,0,0,0,0,0,0,0,0,0,0
massage envy,3,35550.0,0,0,0,0,0,0,2,0,0,1,0,0,0,0,0,0,0,0,0,0,0
mcalister institute,3,35479.0,0,0,0,0,0,0,0,0,0,0,0,0,1,0,0,1,0,0,0,0,0
mcdonald's,11,31305.0,0,0,0,0,0,0,0,0,0,0,0,0,2,0,0,0,0,2,0,0,0
mdg,3,57400.0,0,0,0,0,0,0,0,0,0,1,0,0,1,0,0,0,0,0,1,0,0
"means engineering, inc.",6,30200.0,0,0,0,0,1,0,0,1,0,0,0,0,0,0,0,0,0,0,0,0,0
meggitt,4,,0,0,0,0,1,1,0,1,1,0,0,0,0,0,0,0,0,0,0,0,0
mehvya alliance,4,41600.0,0,0,0,0,0,0,3,0,0,1,0,0,0,0,0,0,0,0,0,0,0
"mental health systems, inc.",10,41740.0,0,0,0,0,0,0,0,0,0,0,0,0,1,1,0,2,0,0,0,0,0
merakey,4,41740.0,0,0,0,0,0,0,0,0,1,0,0,0,0,0,0,0,0,0,0,3,0
meridian senior living,4,54100.0,0,0,0,0,0,0,0,1,0,0,0,0,2,0,0,0,0,0,0,0,0
millipore sigma,7,62300.0,0,0,0,0,5,0,0,0,0,0,0,1,0,0,0,0,0,0,0,0,0
mission edge san diego,7,35479.0,0,0,0,0,0,0,1,0,1,0,0,0,1,0,0,0,1,0,2,0,0
mission pools,3,37566.0,0,0,0,2,0,0,0,0,0,0,0,0,0,0,0,0,0,0,0,0,0
mission san jose mortgage,3,88150.0,0,0,0,0,0,0,0,0,1,2,0,0,0,0,0,0,0,0,0,0,0
moore & associates,17,39653.0,0,0,0,0,7,2,0,1,0,1,0,1,3,0,0,0,0,0,0,0,0
morris cerullo world evangelism,3,40800.0,0,1,0,0,0,0,0,0,1,0,0,0,0,1,0,0,0,0,0,0,0
mossy nissan poway,5,,0,0,0,0,0,2,2,0,0,0,0,0,0,0,0,0,0,0,0,0,0
motel 6 studio 6,9,29250.0,0,0,0,0,0,0,2,0,0,0,1,0,0,0,0,0,0,6,0,0,0
mutual of omaha mortgage,3,51600.0,0,0,0,0,0,0,0,0,0,0,3,0,0,0,0,0,0,0,0,0,0
my goods market | united pacific,7,29650.0,0,0,0,0,0,5,1,0,0,0,0,0,1,0,0,0,0,0,0,0,0
napa auto parts,7,31305.0,0,0,0,0,0,3,1,3,0,0,0,0,0,0,0,0,0,0,0,0,0
national resilience,3,75600.0,0,0,0,0,0,0,0,0,0,0,0,1,0,0,0,0,0,0,0,2,0
national steel and shipbuilding com,4,,0,0,0,0,0,0,0,0,2,0,0,0,1,0,0,0,0,0,0,0,0
national university,5,32000.0,0,0,0,0,0,0,1,0,0,0,0,1,0,0,3,0,0,0,0,0,0
nationwide skilled trades,6,39653.0,0,0,0,1,0,0,0,0,0,0,0,1,0,0,0,0,0,0,0,1,0
natural alternatives international inc,3,43827.0,0,3,0,0,0,0,0,0,0,0,0,0,0,0,0,0,0,0,0,0,0
navy exchange service command,5,33392.0,0,0,0,0,0,0,5,0,0,0,0,0,0,0,0,0,0,0,0,0,0
navy federal credit union,4,39653.0,0,0,0,0,0,0,3,0,0,1,0,0,0,0,0,0,0,0,0,0,0
nctd,3,60320.0,0,0,0,0,0,1,0,0,0,1,0,0,0,0,0,0,0,0,0,1,0
neighborhood house association,4,46957.5,0,0,0,0,0,0,0,0,1,1,0,1,0,0,0,0,0,0,1,0,0
"neomorph, inc",5,,0,0,0,0,0,0,2,0,1,0,0,1,0,0,0,0,0,0,0,0,0
neotech,3,41900.0,0,0,0,0,1,0,1,0,1,0,0,0,0,0,0,0,0,0,0,0,0
"new alternatives, inc.",5,40952.5,0,0,0,0,0,0,0,0,0,0,1,0,0,1,0,1,0,0,0,1,0
new balance,3,,0,0,0,0,0,0,3,0,0,0,0,0,0,0,0,0,0,0,0,0,0
newman windows and doors,3,48001.0,0,0,0,2,0,1,0,0,0,0,0,0,0,0,0,0,0,0,0,0,0
nike inc,3,31305.0,0,0,0,0,0,0,3,0,0,0,0,0,0,0,0,0,0,0,0,0,0
noodles & company,4,37566.0,0,0,0,0,0,0,0,0,0,0,0,0,1,0,0,0,0,1,0,0,0
nordson,17,27100.0,0,0,0,0,5,0,3,0,5,0,0,1,0,0,0,0,0,0,0,0,0
north italia,4,33392.0,0,0,0,0,0,0,0,0,0,0,0,0,0,0,0,0,0,4,0,0,0
north peak solutions,4,65600.0,0,0,0,1,0,0,1,0,0,2,0,0,0,0,0,0,0,0,0,0,0
northrop grumman,24,59100.0,0,0,0,0,5,0,1,3,4,2,0,2,3,0,0,0,0,0,1,0,0
nsdi,5,,0,0,0,0,0,0,0,0,0,0,0,1,0,0,1,2,0,0,0,0,0
nvision corporation,3,31600.0,0,0,0,0,0,0,2,0,0,0,0,0,0,0,0,0,0,0,0,0,0
o'gara coach,3,41300.0,0,0,0,0,0,1,0,0,0,0,0,1,1,0,0,0,0,0,0,0,0
oakmont senior living,7,32700.0,0,0,0,0,0,0,0,0,0,0,0,1,0,0,0,2,0,2,0,1,0
obsidian financial services,5,77500.0,0,0,0,0,0,0,0,0,0,5,0,0,0,0,0,0,0,0,0,0,0
olgoonik,3,34300.0,0,0,0,0,2,0,0,1,0,0,0,0,0,0,0,0,0,0,0,0,0
omni hotels & resorts,10,27150.0,0,0,0,0,0,0,0,0,0,0,0,0,2,0,0,0,0,1,0,0,0
oneplan solutions,5,90000.0,0,0,0,0,0,0,0,0,0,1,0,0,3,0,0,0,0,0,0,0,0
online technical services,4,73045.0,0,0,0,0,1,0,3,0,0,0,0,0,0,0,0,0,0,0,0,0,0
optimum health institute,3,33392.0,0,0,0,0,0,0,0,0,0,0,0,0,0,0,0,0,0,1,0,0,0
oremor automotive group,4,34200.0,0,0,0,0,1,0,2,0,0,0,0,0,1,0,0,0,0,0,0,0,0
organifi,4,80800.0,0,0,0,0,0,0,0,0,1,0,0,0,1,0,0,0,0,0,0,0,0
pacific dental services,9,,0,0,0,0,0,2,4,0,0,0,0,0,0,0,0,3,0,0,0,0,0
"pacific drive ins, llc",3,,0,0,0,0,0,0,0,0,0,0,0,0,0,0,0,0,0,2,0,0,0
pacific wyyerd,6,74650.0,0,0,0,1,0,2,2,0,0,0,0,1,0,0,0,0,0,0,0,0,0
pacifica companies,4,29800.0,0,0,0,0,0,0,2,0,0,1,0,0,1,0,0,0,0,0,0,0,0
pacifica senior living,11,27050.0,0,0,0,0,0,0,1,0,0,0,0,1,1,1,0,0,0,2,0,1,0
pae,4,56800.0,0,0,0,0,0,0,0,0,0,0,0,1,1,0,0,0,0,0,1,0,0
pala casino spa & resort,3,25400.0,0,0,0,0,0,0,0,0,1,0,0,0,0,0,0,0,0,1,0,0,0
paladin technologies,4,43700.0,0,0,0,0,0,0,1,0,0,0,0,1,1,0,0,0,0,0,0,0,0
palomar college,3,60456.0,0,0,0,0,0,0,1,0,0,1,0,0,0,0,1,0,0,0,0,0,0
palomar health,9,53350.0,0,0,0,1,0,0,0,0,0,0,0,2,0,0,0,1,0,0,0,0,0
palomar health medical group,11,31050.0,0,0,0,0,0,0,0,0,0,1,0,0,3,0,0,7,0,0,0,0,0
papa john's,5,33392.0,0,0,0,0,0,0,0,0,0,0,0,0,0,0,0,0,0,3,0,0,0
papa john's   diabo,3,25900.0,0,0,0,0,0,0,0,1,0,0,0,0,0,0,0,0,0,1,0,0,0
papa john's   san diego & inland empire,3,31305.0,0,0,0,0,0,0,0,0,0,0,0,0,1,0,0,0,0,0,0,0,0
park hyatt aviara resort,6,45350.0,0,0,0,0,0,1,0,0,0,0,0,0,1,0,0,3,0,1,0,0,0
pathways of california,4,55450.0,0,0,0,0,0,0,0,0,0,0,0,0,0,0,0,1,0,0,0,2,0
pearson,3,39900.0,1,0,0,0,0,0,0,0,1,0,0,0,0,0,0,0,0,0,0,0,0
people staff technologies llc,4,22957.0,0,0,0,0,0,0,0,4,0,0,0,0,0,0,0,0,0,0,0,0,0
people technology and processes llc,5,,0,0,0,0,0,0,0,0,2,1,0,1,0,0,0,0,0,0,0,1,0
peopleconnect,3,76700.0,0,0,0,0,0,1,1,0,1,0,0,0,0,0,0,0,0,0,0,0,0
pep boys,3,36900.0,0,0,0,0,0,0,3,0,0,0,0,0,0,0,0,0,0,0,0,0,0
perkinelmer,18,38300.0,0,0,0,0,8,0,4,0,0,0,0,3,0,0,0,0,0,0,0,0,0
petco,33,,0,0,0,0,0,7,4,0,4,0,0,0,4,0,0,0,1,0,0,0,0
petra stone llc,3,37000.0,0,0,0,0,0,1,1,0,0,1,0,0,0,0,0,0,0,0,0,0,0
petvet care centers,5,,0,0,0,0,0,0,1,0,0,0,0,0,1,0,0,3,0,0,0,0,0
pharmaca integrative pharmacy,4,34650.0,0,0,0,0,0,0,1,0,0,0,0,2,0,0,0,0,0,0,0,0,0
physical rehabilitation network,7,38609.5,0,0,0,0,0,0,1,0,4,0,0,0,2,0,0,0,0,0,0,0,0
pieology pizzeria,3,31305.0,0,0,0,0,0,0,1,0,0,0,0,0,0,0,0,0,0,1,0,0,0
pinnacle international,4,35479.0,0,0,0,0,0,0,0,0,0,0,3,0,1,0,0,0,0,0,0,0,0
pitney bowes,3,46200.0,0,0,0,0,0,1,0,0,0,0,0,1,1,0,0,0,0,0,0,0,0
pizza hut,3,,0,0,0,0,0,0,0,1,0,0,0,0,1,0,0,0,0,1,0,0,0
planet fitness,3,,0,0,0,0,0,0,2,0,0,0,0,0,1,0,0,0,0,0,0,0,0
"pmg, inc.",4,60523.0,0,0,0,0,2,0,0,0,0,0,0,0,0,0,0,0,0,0,0,0,0
point loma nazarene university,4,46450.0,0,0,1,0,0,0,1,0,0,0,0,0,0,0,2,0,0,0,0,0,0
popeye's louisiana kitchen,3,31305.0,0,0,0,0,0,0,0,0,0,0,0,0,0,0,0,0,0,3,0,0,0
"prevailance, inc.",6,,0,1,0,0,0,0,0,0,1,0,0,1,0,0,1,0,0,0,0,0,0
price waterhouse coopers,75,74100.0,0,1,1,1,1,2,15,0,7,10,0,3,29,0,0,0,0,0,0,0,0
prime healthcare,39,,0,0,0,0,1,0,0,0,0,1,0,2,3,1,0,30,0,0,1,0,0
procede software,3,67800.0,0,0,0,0,0,0,0,0,3,0,0,0,0,0,0,0,0,0,0,0,0
proximity diagnostics,4,73700.0,0,0,0,0,0,2,0,0,0,0,0,2,0,0,0,0,0,0,0,0,0
psemi,4,62100.0,0,0,0,0,1,0,0,0,1,0,0,0,1,0,0,0,1,0,0,0,0
psychiatric centers at san diego,7,32900.0,0,0,0,0,0,0,0,0,0,1,0,1,5,0,0,0,0,0,0,0,0
public consulting group,8,43000.0,0,0,0,0,0,0,2,0,1,0,0,0,1,0,1,1,0,0,2,0,0
public storage,6,33392.0,0,0,0,0,0,0,6,0,0,0,0,0,0,0,0,0,0,0,0,0,0
puesto,5,39150.0,0,0,0,0,0,0,1,0,0,0,0,0,0,0,0,0,0,4,0,0,0
qualcomm incorporated,4,88200.0,0,0,0,0,0,0,0,0,2,0,0,0,2,0,0,0,0,0,0,0,0
"qualcomm technologies, inc.",5,99400.0,0,0,0,0,0,2,0,0,1,1,0,0,1,0,0,0,0,0,0,0,0
quidel,7,54500.0,0,0,0,1,1,1,1,1,0,0,0,0,1,0,0,0,0,0,0,0,0
radiometer,3,,0,0,0,0,1,0,2,0,0,0,0,0,0,0,0,0,0,0,0,0,0
rady children's hospital san diego,37,40150.0,0,0,0,0,0,0,7,0,2,4,0,4,1,0,0,8,0,1,2,1,0
rain bird corporation,7,84700.0,0,0,0,0,1,1,0,0,0,2,0,1,2,0,0,0,0,0,0,0,0
raising cane's,3,31305.0,0,0,0,0,0,0,0,0,0,0,0,0,0,0,0,0,0,3,0,0,0
ramsoft it services private limited,3,62610.0,0,2,0,0,0,0,0,0,0,0,0,0,1,0,0,0,0,0,0,0,0
"rancho santa fe security systems, inc.",5,31305.0,0,0,0,0,0,0,0,0,0,0,0,0,0,0,0,0,0,0,0,5,0
randstad general staffing,4,35479.0,0,0,0,0,0,0,0,2,0,0,0,0,0,0,0,0,0,0,0,0,0
rangam consultants inc.,9,52175.0,0,0,0,0,1,1,2,0,0,0,0,0,0,0,0,0,0,0,1,1,0
rci for confidential companies (hosted jobs),3,,0,0,0,0,0,0,0,0,0,0,0,1,1,1,0,0,0,0,0,0,0
realty income,3,75200.0,0,0,0,0,0,0,0,0,1,0,0,0,1,0,0,0,0,0,0,0,0
"reborn cabinets, inc.",3,41740.0,0,0,1,1,0,0,0,0,0,0,0,0,0,0,0,0,0,0,0,0,0
redhorse corporation,3,49150.0,0,0,0,1,0,1,0,0,0,0,0,1,0,0,0,0,0,0,0,0,0
remx,6,57392.5,0,0,0,0,0,2,0,0,0,0,0,0,1,0,0,0,0,0,0,0,0
republic services,3,54750.0,0,0,0,0,0,0,3,0,0,0,0,0,0,0,0,0,0,0,0,0,0
rescare community living,5,25800.0,0,0,0,0,0,0,0,0,0,0,1,0,0,0,0,0,0,0,1,3,0
restoration personnel source,3,60000.0,0,0,0,2,0,0,0,0,0,1,0,0,0,0,0,0,0,0,0,0,0
retail odyssey,3,31305.0,0,0,0,0,0,1,2,0,0,0,0,0,0,0,0,0,0,0,0,0,0
reynolds and reynolds,5,63000.0,0,0,0,0,0,2,1,0,0,2,0,0,0,0,0,0,0,0,0,0,0
rick engineering,11,65200.0,0,0,0,0,0,0,1,0,4,1,0,5,0,0,0,0,0,0,0,0,0
riverstone logistics,3,39200.0,0,0,0,0,0,3,0,0,0,0,0,0,0,0,0,0,0,0,0,0,0
roche,4,52600.0,0,0,0,0,1,0,0,0,0,1,0,0,0,0,0,0,0,0,1,0,0
rock west composites,3,45800.0,0,0,0,0,0,0,0,0,0,1,0,1,0,1,0,0,0,0,0,0,0
rooter hero plumbing,3,,0,0,3,0,0,0,0,0,0,0,0,0,0,0,0,0,0,0,0,0,0
round table pizza,3,25500.0,0,0,0,0,0,0,0,0,0,0,0,0,0,0,0,0,0,2,0,0,0
rowan,3,31600.0,0,0,0,0,0,0,0,0,0,0,0,0,0,0,0,3,0,0,0,0,0
roy's,8,37566.0,0,0,0,0,0,0,1,0,0,0,0,0,0,0,0,0,0,6,0,0,0
rr donnelley,7,,0,0,0,0,0,0,0,2,0,0,0,0,0,0,0,0,0,0,0,0,0
rubio's restaurants,8,33876.5,0,0,0,0,0,0,0,0,0,0,0,0,0,0,0,0,0,4,0,0,0
rv retailer san diego llc,4,34633.0,0,0,0,0,0,0,1,0,0,0,0,0,0,0,0,0,0,0,0,0,0
sage hospitality,4,33850.0,0,0,0,0,0,0,0,0,0,1,0,0,1,0,0,0,0,2,0,0,0
saic,13,66950.0,0,0,0,0,0,0,1,1,4,0,0,4,0,0,0,0,0,0,0,0,0
salk institute for biological studies,4,103000.0,0,0,0,1,0,0,0,0,1,0,0,1,0,0,0,1,0,0,0,0,0
sam's club,4,,0,0,0,0,0,0,0,0,0,0,0,1,0,0,0,0,0,0,0,1,0
san diego (caps san diego),3,43827.0,0,0,0,0,1,0,0,0,0,0,0,0,1,0,0,0,0,0,0,0,0
san diego blood bank,3,50200.0,0,0,0,0,1,0,0,0,1,0,0,1,0,0,0,0,0,0,0,0,0
san diego center for children,10,33600.0,0,0,0,0,0,0,0,0,0,1,0,0,1,0,0,1,0,0,2,0,0
san diego community college district,9,39800.0,0,0,0,0,0,0,2,0,0,1,0,1,1,0,4,0,0,0,0,0,0
san diego county office of education,3,131455.0,0,0,0,0,0,0,1,0,2,0,0,0,0,0,0,0,0,0,0,0,0
san diego county regional airport authority,9,38300.0,0,0,0,1,0,0,0,0,1,0,0,0,2,2,0,0,0,0,2,1,0
san diego french american school,3,35479.0,0,0,0,0,0,0,0,0,0,0,0,0,0,0,3,0,0,0,0,0,0
san diego metropolitan transit system,4,41740.0,0,0,0,0,0,0,0,0,0,0,0,1,1,0,0,0,0,0,0,1,0
san diego padres,4,38000.0,0,0,0,0,0,0,0,0,1,0,0,0,0,0,0,0,1,0,0,1,0
san diego rescue mission,11,37300.0,0,0,0,0,0,0,1,0,0,3,0,0,4,0,1,0,0,1,1,0,0
san diego state university,12,47340.0,0,0,0,0,0,0,1,0,0,1,0,0,0,0,3,0,0,0,7,0,0
san diego state university research foundation,9,60900.0,0,0,0,1,0,0,0,0,0,1,0,5,0,0,0,0,0,0,2,0,0
san diego youth services,7,41600.0,0,0,0,0,0,0,3,0,0,0,0,0,0,0,0,4,0,0,0,0,0
san diego zoo wildlife alliance,11,31305.0,11,0,0,0,0,0,0,0,0,0,0,0,0,0,0,0,0,0,0,0,0
san ysidro health,11,33500.0,0,0,0,0,0,1,3,1,0,1,0,0,0,0,0,4,0,0,0,0,0
sanford burnham prebys medical discovery institute,4,48300.0,0,0,0,0,0,0,1,0,0,0,0,1,1,0,0,1,0,0,0,0,0
sas retail services,6,,0,0,0,0,0,0,6,0,0,0,0,0,0,0,0,0,0,0,0,0,0
sbarro,3,27652.5,0,0,0,0,0,0,0,0,0,0,0,0,0,0,0,0,0,0,0,0,0
sc fuels,3,49200.0,0,0,0,0,0,0,1,1,0,0,0,1,0,0,0,0,0,0,0,0,0
scripps health,46,58150.0,0,0,0,1,0,0,2,0,1,0,0,1,2,0,0,20,0,0,0,5,0
scripps research,9,52400.0,0,0,0,0,0,0,2,0,0,0,0,7,0,0,0,0,0,0,0,0,0
seacrest village retirement communities,3,34800.0,0,0,0,1,0,0,0,0,0,0,0,0,1,0,0,1,0,0,0,0,0
sean m feely dds,3,60523.0,0,0,0,0,0,0,0,0,0,0,0,0,0,0,0,2,0,0,0,0,0
seaworld san diego,10,35479.0,0,1,0,2,0,0,1,0,0,0,0,1,3,0,0,0,0,0,0,2,0
"semper solaris construction, inc.",5,41740.0,0,0,2,0,0,0,1,0,0,1,0,0,0,0,0,0,0,0,0,0,0
sentara halifax regional hospital,3,,0,0,0,0,0,0,0,0,0,0,0,1,0,0,0,1,0,0,0,0,0
sentara healthcare   sentara obici hospital,8,,0,0,0,0,0,0,3,0,0,0,0,0,0,0,0,5,0,0,0,0,0
sephora,6,30250.0,0,0,0,0,0,3,1,0,0,0,0,0,0,0,0,0,0,0,0,0,0
serco north america,7,55600.0,0,0,0,3,2,0,0,0,0,1,0,0,1,0,0,0,0,0,0,0,0
servicenow,4,49000.0,0,0,0,0,0,0,1,0,0,0,0,1,2,0,0,0,0,0,0,0,0
shake shack inc.,11,33392.0,0,0,0,0,0,0,0,0,0,0,0,0,0,0,0,0,0,5,0,0,0
sharp healthcare,159,36400.0,2,0,0,1,5,0,14,1,7,3,0,15,11,2,0,94,0,1,1,2,0
shoreline biosciences,4,74400.0,0,0,0,0,0,0,0,0,0,0,0,3,1,0,0,0,0,0,0,0,0
signet jewelers,3,34800.0,0,0,0,0,0,0,1,0,0,0,0,0,1,1,0,0,0,0,0,0,0
slingshot group,3,42700.0,0,0,0,0,0,0,0,0,0,0,0,0,0,0,0,1,0,0,2,0,0
sm&a,4,102263.0,0,0,0,0,0,0,0,0,2,0,0,0,0,0,0,0,0,0,0,1,0
smart & final stores,10,27600.0,0,0,0,0,0,0,10,0,0,0,0,0,0,0,0,0,0,0,0,0,0
snap on inc,3,57600.0,0,0,0,0,0,1,1,0,0,0,0,0,0,0,0,0,0,0,0,0,0
soccer shots   san diego east county,3,33392.0,0,0,0,0,0,0,0,0,0,0,0,0,0,0,0,1,0,0,2,0,0
sodexo,22,31305.0,0,0,3,1,0,2,5,0,0,2,0,1,1,1,0,0,0,3,0,0,0
soliant,5,,0,0,0,0,0,0,0,0,0,0,0,0,0,0,3,0,0,0,0,1,0
solute,5,56000.0,0,0,0,0,0,2,0,0,2,0,0,1,0,0,0,0,0,0,0,0,0
sonic automotive,4,28550.0,0,0,0,0,0,0,1,0,0,0,0,2,0,0,0,0,0,0,0,0,0
sonic drive in,6,31305.0,0,0,0,0,0,0,1,0,0,0,0,0,1,0,0,0,0,3,0,0,0
sorrento therapeutics,19,51300.0,0,0,0,1,7,1,6,0,0,0,0,2,2,0,0,0,0,0,0,0,0
southern glazer’s wine and spirits,6,42250.0,0,0,0,0,0,4,0,0,0,0,0,0,2,0,0,0,0,0,0,0,0
"southern indian health council, inc",4,42783.5,0,1,0,0,0,0,0,0,0,0,0,1,1,0,0,1,0,0,0,0,0
spectrum,4,48783.0,0,0,0,0,0,1,2,0,0,0,0,0,0,0,0,0,0,0,0,0,0
spine and sport physical therapy,4,44100.0,0,0,0,0,0,0,0,0,0,0,0,0,2,0,0,1,1,0,0,0,0
spinezone,3,71500.0,0,0,0,0,0,1,1,0,1,0,0,0,0,0,0,0,0,0,0,0,0
splunk,5,75000.0,0,0,0,0,0,0,1,0,0,2,0,0,1,0,0,0,0,0,0,0,0
springhill suites sd,4,26750.0,0,0,0,0,0,0,0,0,0,1,0,0,1,0,0,0,0,1,0,0,0
sprouts farmers market,48,28200.0,0,0,1,0,0,0,7,0,0,0,0,0,28,0,0,0,0,6,0,0,0
st. paul's senior services,17,34100.0,0,0,0,0,0,0,17,0,0,0,0,0,0,0,0,0,0,0,0,0,0
st. vincent de paul village,14,33500.0,0,0,0,0,0,0,6,1,0,0,0,0,1,0,0,2,0,1,0,0,0
staffmark,4,37566.0,0,0,0,0,1,0,1,1,0,0,0,0,0,0,0,0,0,0,0,0,0
staples stores,9,28200.0,0,0,0,0,0,2,7,0,0,0,0,0,0,0,0,0,0,0,0,0,0
starbucks,3,23700.0,0,0,0,0,0,0,0,0,0,0,0,0,0,0,0,0,0,3,0,0,0
steico industries,3,35479.0,0,0,0,0,3,0,0,0,0,0,0,0,0,0,0,0,0,0,0,0,0
stellar solar,5,35479.0,0,0,5,0,0,0,0,0,0,0,0,0,0,0,0,0,0,0,0,0,0
stryker,4,66600.0,0,0,0,1,0,0,1,2,0,0,0,0,0,0,0,0,0,0,0,0,0
studio diner corporation,4,25550.0,0,0,0,0,0,0,0,0,0,0,0,0,0,0,0,0,0,3,0,0,0
subway,4,31305.0,0,0,0,0,0,0,0,0,0,0,0,0,1,0,0,0,3,0,0,0,0
sully jones roofing,3,45914.0,0,0,0,3,0,0,0,0,0,0,0,0,0,0,0,0,0,0,0,0,0
suncrest hospice,4,74300.0,0,0,0,0,0,0,0,0,0,0,0,0,0,1,0,2,0,0,0,0,0
sunglass hut,3,32700.0,0,0,0,0,0,1,1,0,0,0,0,0,1,0,0,0,0,0,0,0,0
sunny days,5,83900.0,0,0,0,0,0,0,0,0,0,0,0,0,0,0,0,0,0,0,0,0,0
sunpower corporation,4,,0,0,3,0,0,0,1,0,0,0,0,0,0,0,0,0,0,0,0,0,0
sunrise senior living,6,,0,0,0,0,0,0,0,0,0,0,0,0,2,0,0,0,0,1,0,0,0
sunroad automotive,18,32299.0,0,0,0,0,0,1,2,1,0,2,0,3,4,0,0,0,0,1,0,0,0
sunroad enterprises,5,30700.0,0,0,0,0,0,0,1,1,0,0,0,0,1,0,0,0,0,1,0,0,0
sunrun,5,60523.0,0,0,3,2,0,0,0,0,0,0,0,0,0,0,0,0,0,0,0,0,0
surface experts of central san diego,3,37566.0,0,0,0,3,0,0,0,0,0,0,0,0,0,0,0,0,0,0,0,0,0
surgalign spine technologies inc,3,49800.0,0,0,0,0,1,0,1,0,0,0,0,0,0,0,0,0,0,0,0,0,0
surgical care affiliates,9,40300.0,0,0,0,0,0,1,1,0,0,0,0,0,5,0,0,0,0,0,0,2,0
sycuan casino,13,28600.0,0,0,1,0,0,0,0,0,0,0,0,3,4,0,0,0,0,1,0,2,0
t mobile,3,30000.0,0,0,0,0,0,0,3,0,0,0,0,0,0,0,0,0,0,0,0,0,0
"taco bell | kc bell, inc.",4,33392.0,0,0,0,0,0,0,1,0,0,0,0,0,0,0,0,0,0,2,0,0,0
tactical engineering & analysis inc,3,42900.0,0,0,0,0,0,0,0,0,3,0,0,0,0,0,0,0,0,0,0,0,0
taj health staffing,5,92871.5,0,0,0,0,0,0,0,0,0,1,0,0,0,0,0,1,0,0,0,0,0
taj technologies inc,3,73045.0,0,0,0,0,0,0,0,0,0,1,0,1,0,0,0,0,0,0,0,0,0
takeda pharmaceutical,7,,0,0,0,0,0,3,1,0,0,0,0,1,1,0,0,0,0,0,0,0,0
talentzok,3,65000.0,0,0,0,0,1,1,0,0,0,0,0,0,1,0,0,0,0,0,0,0,0
target,9,,0,0,0,0,0,1,2,0,0,0,0,0,1,0,0,0,0,0,0,5,0
targetcw,5,46863.5,0,0,0,0,1,0,2,1,0,0,0,0,1,0,0,0,0,0,0,0,0
"taylor listug, inc.",4,32200.0,0,0,0,0,1,1,1,0,0,0,0,0,0,0,0,0,0,0,0,0,0
te connectivity,4,58250.0,0,0,0,1,1,0,0,0,1,0,0,1,0,0,0,0,0,0,0,0,0
teksystems,6,67550.0,0,0,0,2,0,0,0,0,2,0,0,2,0,0,0,0,0,0,0,0,0
tekwissengroup,4,54262.0,0,0,0,0,3,0,0,0,0,1,0,0,0,0,0,0,0,0,0,0,0
tesla,7,56349.0,0,0,1,0,0,0,2,0,0,0,0,3,0,0,0,0,0,0,1,0,0
the cheesecake factory,9,24900.0,0,0,0,0,0,0,0,0,0,0,0,0,0,0,0,0,0,9,0,0,0
the henry,6,,0,0,0,0,0,0,0,0,0,0,0,0,0,0,0,0,0,5,0,0,0
the inn at rancho santa fe,5,29500.0,0,0,0,0,0,0,0,0,0,0,0,0,0,0,0,0,0,2,0,0,0
the john stewart company,3,29800.0,0,0,0,0,0,0,0,0,0,0,3,0,0,0,0,0,0,0,0,0,0
the lot,3,31305.0,0,0,0,0,0,0,0,0,1,0,0,0,0,0,0,0,0,1,0,0,0
the pavilion at ocean point (2),3,32650.0,0,0,0,0,0,0,0,0,0,0,0,0,1,1,0,0,0,0,0,1,0
the salk institute for biological studies,3,37100.0,0,0,0,0,0,0,0,0,1,0,0,2,0,0,0,0,0,0,0,0,0
the shipyard,3,115000.0,0,0,0,0,0,0,0,3,0,0,0,0,0,0,0,0,0,0,0,0,0
the university of st. augustine for health...,3,,0,0,0,0,0,0,0,0,0,1,0,0,0,0,1,0,0,0,0,1,0
thermo fisher scientific,26,72200.0,0,0,0,0,1,0,3,3,1,6,0,4,2,0,0,0,0,0,2,0,0
thrive affordable vet care,3,29800.0,0,0,0,0,0,0,0,0,0,0,0,1,0,0,0,0,0,0,0,2,0
tillys,4,35200.0,0,0,0,0,0,1,0,0,0,0,0,0,3,0,0,0,0,0,0,0,0
tj maxx,5,,0,0,0,0,0,1,4,0,0,0,0,0,0,0,0,0,0,0,0,0,0
toyota carlsbad,4,29900.0,0,0,0,1,0,0,0,0,0,1,0,0,1,0,0,0,0,0,0,0,0
tractor supply,10,30900.0,0,0,0,0,9,0,1,0,0,0,0,0,0,0,0,0,0,0,0,0,0
"transdev, inc.",4,34435.5,0,0,1,0,1,0,0,1,0,0,0,0,0,0,0,0,0,0,0,0,0
tri city healthcare district,3,60700.0,0,0,0,0,0,0,1,0,1,0,0,0,0,0,0,1,0,0,0,0,0
true legacy homes,4,34900.0,0,0,0,0,0,1,2,0,0,0,1,0,0,0,0,0,0,0,0,0,0
truecare,3,42700.0,0,0,0,0,0,1,0,0,0,0,0,0,2,0,0,0,0,0,0,0,0
truist financial,3,55800.0,0,0,0,0,0,0,1,0,1,0,0,0,0,0,0,0,1,0,0,0,0
tws facility services,3,31305.0,0,0,0,0,0,0,3,0,0,0,0,0,0,0,0,0,0,0,0,0,0
u.s. bank,3,37400.0,0,0,0,0,0,1,1,0,0,1,0,0,0,0,0,0,0,0,0,0,0
u.s. marine corps,10,32348.5,0,0,1,0,0,1,1,0,0,1,0,0,1,1,0,0,0,0,0,1,0
u.s.a home inspectors,5,52175.0,0,0,0,5,0,0,0,0,0,0,0,0,0,0,0,0,0,0,0,0,0
uc san diego,103,50088.0,0,1,0,3,4,1,8,1,7,12,0,9,12,1,42,0,0,0,1,1,0
uei college,4,39300.0,0,0,0,0,0,0,2,0,0,0,0,0,0,0,1,0,0,0,1,0,0
ulta beauty,4,30200.0,0,0,0,0,0,0,0,0,0,0,0,0,1,0,0,0,0,0,0,0,0
union bank,10,36700.0,0,0,0,0,0,0,0,0,0,10,0,0,0,0,0,0,0,0,0,0,0
union of pan asian communities,3,43827.0,0,0,0,0,1,0,0,0,0,1,0,0,0,0,0,0,0,0,0,0,0
united parcel service,4,,0,0,0,0,0,0,4,0,0,0,0,0,0,0,0,0,0,0,0,0,0
united site services,3,,0,0,1,0,0,0,2,0,0,0,0,0,0,0,0,0,0,0,0,0,0
united states postal service,4,39653.0,0,0,0,0,0,0,4,0,0,0,0,0,0,0,0,0,0,0,0,0,0
university of san diego,6,43827.0,0,0,1,0,0,1,0,1,0,0,0,0,1,0,1,0,0,0,1,0,0
upper deck,4,43433.0,0,0,0,0,0,1,1,0,1,0,0,0,0,0,0,0,0,0,0,1,0
urban kitchen group,3,31305.0,0,0,0,0,0,1,0,0,0,0,0,0,0,0,0,0,0,2,0,0,0
urban plates,9,41000.0,0,0,0,0,2,0,0,0,0,0,0,0,0,0,0,0,0,5,0,0,0
urbn leaf,3,31900.0,0,0,0,0,0,0,2,0,0,0,0,0,0,0,0,0,0,0,0,0,0
"us commander, navy installations",4,44870.5,0,0,0,0,0,0,0,0,1,1,0,0,0,0,0,0,0,0,0,0,0
us naval medical command,3,36358.0,0,0,0,0,0,0,0,0,0,0,0,0,0,0,0,3,0,0,0,0,0
use credit union,4,39250.0,0,0,0,0,0,0,2,0,0,2,0,0,0,0,0,0,0,0,0,0,0
ust global,3,,0,0,0,0,0,0,1,0,0,0,0,2,0,0,0,0,0,0,0,0,0
"utiliquest, llc",3,33392.0,0,0,0,0,0,0,0,0,0,0,0,3,0,0,0,0,0,0,0,0,0
vacasa,5,35479.0,0,0,0,0,0,0,0,0,0,0,0,0,1,0,0,0,0,0,0,2,0
vaco,3,43200.0,0,0,0,0,0,0,0,0,0,3,0,0,0,0,0,0,0,0,0,0,0
valley view casino,4,,0,0,0,0,0,0,0,0,0,0,0,0,0,0,0,0,0,1,0,0,0
valley view casino & hotel,5,46300.0,0,0,0,0,0,0,0,0,0,0,0,0,0,0,0,0,0,4,0,1,0
valvoline instant oil change,4,42783.5,0,4,0,0,0,0,0,0,0,0,0,0,0,0,0,0,0,0,0,0,0
vca animal hospitals,3,,0,0,0,0,0,0,0,0,0,0,0,2,0,1,0,0,0,0,0,0,0
verge mobile – a t mobile premium partner,6,53700.0,0,0,0,0,0,1,4,0,0,0,0,0,0,0,0,0,0,0,0,0,0
veridiam,7,54800.0,0,1,0,0,4,1,0,0,0,0,0,0,0,0,0,0,0,0,0,0,0
verizon,3,36100.0,0,0,0,0,0,1,2,0,0,0,0,0,0,0,0,0,0,0,0,0,0
vert environmental @ san diego,4,45000.0,0,0,0,0,0,1,0,0,0,0,0,3,0,0,0,0,0,0,0,0,0
veteran benefits guide,3,43557.0,0,0,0,0,0,0,0,0,1,1,0,0,0,0,0,0,0,0,0,0,0
veterans national mortgage,3,48000.0,0,0,0,0,0,1,0,0,0,0,2,0,0,0,0,0,0,0,0,0,0
viasat,10,65900.0,0,0,0,0,2,0,0,0,2,3,0,1,1,1,0,0,0,0,0,0,0
viejas casino & resort,5,50700.0,0,0,0,1,0,0,0,0,0,0,0,0,2,1,0,0,0,1,0,0,0
villa rancho bernardo,3,31305.0,0,0,0,0,0,0,0,0,0,0,0,0,0,0,0,0,0,0,0,0,0
village square healthcare center,3,50100.0,0,0,0,0,0,0,0,0,0,0,0,0,1,0,0,2,0,0,0,0,0
vista community clinic,6,35183.0,0,0,0,0,0,0,2,0,0,0,0,0,1,0,0,1,0,0,2,0,0
vista hill foundation,8,41740.0,0,0,0,0,1,0,0,0,0,3,0,0,1,0,1,1,0,0,0,0,0
vividion therapeutics,3,78500.0,0,0,0,0,0,0,0,0,0,1,0,1,0,0,0,0,0,0,0,0,0
volt workforce solutions,4,43827.0,0,0,0,0,2,0,1,0,1,0,0,0,0,0,0,0,0,0,0,0,0
walgreens,12,29450.0,0,0,0,0,0,0,6,0,0,0,0,4,0,0,0,0,0,0,0,0,0
weinerschnitzel,6,29218.0,0,0,0,0,0,0,0,0,0,0,0,0,0,0,0,0,0,3,0,0,0
welk resorts san diego,4,33392.0,0,0,0,0,0,0,0,0,0,0,0,0,1,0,0,0,0,0,0,0,0
wells fargo,7,51450.0,1,0,0,0,0,1,0,0,0,4,0,0,0,0,0,0,0,0,0,0,0
wells fargo bank,3,,0,0,0,0,0,1,1,0,0,1,0,0,0,0,0,0,0,0,0,0,0
wendy's   wks,3,23700.0,0,0,0,0,0,0,0,0,0,0,0,0,0,0,0,0,0,3,0,0,0
west coast traffic control,3,33392.0,0,0,0,0,0,0,0,0,0,0,0,2,1,0,0,0,0,0,0,0,0
"western dental services, inc.",4,100000.0,0,0,0,0,0,0,0,0,0,0,0,0,0,0,0,4,0,0,0,0,0
westin hotel | grand pacific resorts,3,51683.0,0,0,0,0,0,0,1,0,0,0,0,0,1,0,0,0,0,1,0,0,0
westin san diego,3,,0,0,0,0,0,0,0,0,0,0,0,0,2,0,0,0,0,0,0,0,0
whole foods market,5,33400.0,0,0,0,0,0,0,1,0,0,0,0,0,0,0,0,0,0,2,0,0,0
"whova, inc",5,37200.0,0,1,0,0,0,0,0,0,0,2,0,0,1,0,0,0,1,0,0,0,0
winco foods,15,28800.0,0,0,0,0,0,0,0,3,0,0,0,0,10,0,0,0,0,1,0,0,0
wingstop,3,33392.0,0,0,0,0,0,0,0,0,0,0,0,0,0,0,0,0,0,3,0,0,0
wireless advocates,3,,0,0,0,0,0,3,0,0,0,0,0,0,0,0,0,0,0,0,0,0,0
wiseguys custom home theater,3,33392.0,0,0,0,3,0,0,0,0,0,0,0,0,0,0,0,0,0,0,0,0,0
"woongjin, inc",6,46100.0,0,0,0,0,0,1,0,0,0,3,0,0,1,0,0,0,0,0,0,1,0
wsp,5,87650.0,0,0,0,0,0,0,0,0,0,1,0,0,0,0,0,0,0,0,0,3,0
wuxi apptec inc,3,78500.0,0,0,0,0,0,0,2,0,0,0,0,1,0,0,0,0,0,0,0,0,0
wyndham destinations,6,33392.0,0,0,0,1,0,0,0,0,0,0,0,1,0,0,0,0,0,0,0,0,0
xcom labs,3,115000.0,0,0,0,0,0,0,0,1,0,1,0,0,0,0,0,0,0,0,0,0,0
ymca of san diego county,11,35479.0,0,1,0,0,0,0,0,0,0,1,0,0,0,1,0,2,0,0,4,2,0
zoetis,3,68250.0,0,0,0,0,0,0,0,0,0,0,0,2,1,0,0,0,0,0,0,0,0
zorang technologies,3,80000.0,0,0,0,1,0,1,0,0,1,0,0,0,0,0,0,0,0,0,0,0,0
