Job Title,Company Name,Location,Remote,Salary,Full Time,Part Time,Date Posted
Entry Level Computer Programmer,Revature,"San Diego, CA
+6 locations",FALSE,,FALSE,FALSE,2/25/2022
Customer Support Agent,Ready Landscaping Inc,United States,FALSE,$20 - $28 an hour,FALSE,FALSE,2/25/2022
Appointment Center Service Representative,Kaiser Permanente,"San Diego, CA",FALSE,,FALSE,TRUE,2/25/2022
Front End Developer (Entry level),Revature,"San Diego, CA
+6 locations",FALSE,,FALSE,FALSE,2/25/2022
"Amazon Fresh Store Associate (Overnight) - Murrieta, CA",Amazon Physical Stores,"Fallbrook, CA 92028",FALSE,$16.40 an hour,FALSE,TRUE,2/25/2022
Entry Level Software Developer,Revature,"San Diego, CA
+6 locations",FALSE,,FALSE,FALSE,2/25/2022
Scheduling Clerk Virtual Hiring Event,McKenzie-Willamette Medical Center,United States,FALSE,$16.60 - $23.26 an hour,TRUE,FALSE,2/25/2022
Customer Service Director,Pacific Wyyerd,"Chula Vista, CA",FALSE,,TRUE,FALSE,2/25/2022
Office Help,Golden Image Window Coverings Inc.,"El Cajon, CA 92020",FALSE,$15 - $19 an hour,FALSE,TRUE,2/25/2022
Front Desk Agent,Hilton Garden Inn SD Sea World,"San Diego, CA 92110
+8 locations",FALSE,,TRUE,FALSE,2/25/2022
Environmental Specialist,Kaiser Permanente,"San Diego, CA
+1 location",FALSE,,FALSE,TRUE,2/25/2022
Medical Office Assistant II,Kaiser Permanente,"San Diego, CA",FALSE,,FALSE,FALSE,2/25/2022
"Gift Card Merchandiser - Poway, CA",Blackhawk Network,"Remote in Poway, CA
+1 location",TRUE,,FALSE,TRUE,2/25/2022
"Warehouse Attendant ~ Quick Hire, Part Time, Flexible Schedu...",lg-oss,"Chula Vista, CA 91911
(Southwest area)",FALSE,$15 an hour,FALSE,TRUE,2/25/2022
Housekeeper,Carte Hotel,"San Diego, CA 92101
+8 locations",FALSE,,TRUE,FALSE,2/25/2022
Technician,BMW of San Diego,"San Diego, CA 92111
+4 locations",FALSE,,TRUE,FALSE,2/25/2022
Junior Full Stack Developer,Revature,"San Diego, CA
+6 locations",FALSE,,FALSE,FALSE,2/25/2022
,,,,,,,
,,,,,,,
,,,,,,,
,,,,,,,
,,,,,,,
,,,,,,,
,,,,,,,
,,,,,,,
,,,,,,,
,,,,,,,
,,,,,,,
,,,,,,,
,,,,,,,
